{"cameraMode":{"drawMode":0,"name":"Shaded","section":"Shading Mode"},"sceneLighting":false,"audioPlay":false,"sceneViewState":{"showFog":true,"showMaterialUpdate":false,"showSkybox":false,"showFlares":true,"showImageEffects":true,"showParticleSystems":true},"in2DMode":false,"pivot":{"x":0.0,"y":2.0549070835113527,"z":0.14591020345687867},"rotation":{"x":-0.024523772299289705,"y":-0.6966624855995178,"z":0.023841792717576028,"w":-0.716583251953125},"size":6.679389953613281,"orthographic":false}