{"cameraMode":{"drawMode":0,"name":"Shaded","section":"Shading Mode"},"sceneLighting":false,"audioPlay":false,"sceneViewState":{"showFog":true,"showMaterialUpdate":false,"showSkybox":false,"showFlares":true,"showImageEffects":true,"showParticleSystems":true},"in2DMode":false,"pivot":{"x":134.06028747558595,"y":520.72412109375,"z":93.03275299072266},"rotation":{"x":-0.00015455897664651275,"y":0.9983546733856201,"z":-0.057278115302324298,"w":-0.0026947257574647667},"size":3292.936279296875,"orthographic":false}